Model,Accuracy,Precision,Recall,F1-Score
Dummy,0.8506,0.0,0.0,0.0
Random Forest,0.9896666666666667,0.9415749364944962,0.9924141008478358,0.9663263089289593
