,precision,recall,f1-score,support
0,0.9986548504510208,0.9891841053374089,0.9938969169586959,25518.0
1,0.9415749364944962,0.9924141008478358,0.9663263089289593,4482.0
accuracy,0.9896666666666667,0.9896666666666667,0.9896666666666667,0.9896666666666667
macro avg,0.9701148934727585,0.9907991030926223,0.9801116129438276,30000.0
weighted avg,0.990127111305916,0.9896666666666667,0.9897778681190532,30000.0
roc_auc_score,,,0.9976908880831649,
